{
  "n_pool": 89,
  "results": {
    "random": {
      "n_queried": [
        12,
        16,
        20,
        24,
        28,
        32,
        36,
        40,
        44,
        48,
        52,
        56,
        60,
        64,
        68,
        72
      ],
      "best_mean": [
        0.08329069214075666,
        0.08530521060876221,
        0.08667742167620193,
        0.09082823233770335,
        0.09095287593261965,
        0.0910401461336443,
        0.09116772730189933,
        0.09236255961419992,
        0.09301870693351262,
        0.09301870693351262,
        0.09370398326584706,
        0.09414727027667916,
        0.09465889151330771,
        0.09481674443459624,
        0.09481674443459624,
        0.09481674443459624
      ],
      "best_std": [
        0.005306380879824454,
        0.003957350513969506,
        0.004389638151183061,
        0.004912877031875503,
        0.004673578234645841,
        0.004516923290502995,
        0.004567818976013095,
        0.0038256321880556763,
        0.002611622847098549,
        0.002611622847098549,
        0.0015454684986613441,
        0.0015474203071885152,
        0.0007233729604746275,
        0.0006314116851541485,
        0.0006314116851541485,
        0.0006314116851541485
      ],
      "recall_mean": [
        0.05,
        0.10999999999999999,
        0.18000000000000002,
        0.25,
        0.26,
        0.30000000000000004,
        0.36000000000000004,
        0.43,
        0.43999999999999995,
        0.45999999999999996,
        0.51,
        0.5900000000000001,
        0.6499999999999999,
        0.73,
        0.7899999999999999,
        0.8400000000000001
      ],
      "recall_std": [
        0.0670820393249937,
        0.1044030650891055,
        0.14696938456699069,
        0.1746424919657298,
        0.1854723699099141,
        0.19493588689617927,
        0.19595917942265423,
        0.1846618531261939,
        0.18,
        0.16248076809271922,
        0.12206555615733704,
        0.11357816691600547,
        0.12041594578792296,
        0.11000000000000001,
        0.10440306508910552,
        0.12000000000000001
      ]
    },
    "greedy": {
      "n_queried": [
        12,
        16,
        20,
        24,
        28,
        32,
        36,
        40,
        44,
        48,
        52,
        56,
        60,
        64,
        68,
        72
      ],
      "best_mean": [
        0.08279672180657585,
        0.0835065226335173,
        0.08546523854198344,
        0.08649055734197883,
        0.08830935378749291,
        0.09099524862666578,
        0.09159954794048275,
        0.09205192223465275,
        0.09227810938173775,
        0.09227810938173775,
        0.09227810938173775,
        0.0925635434712813,
        0.09284897756082486,
        0.09284897756082486,
        0.09341984573991198,
        0.09427614800854264
      ],
      "best_std": [
        0.0030801717597624977,
        0.002608752338371548,
        0.003694529509640619,
        0.004007020382731093,
        0.004154617604860532,
        0.0018817182719754898,
        0.001036519722743121,
        0.000678561441254999,
        0.0,
        0.0,
        0.0,
        0.0008563022686306707,
        0.0011417363581742279,
        0.0011417363581742279,
        0.001398335749155196,
        0.0013080233212541532
      ],
      "recall_mean": [
        0.04,
        0.06,
        0.11000000000000001,
        0.12999999999999998,
        0.16,
        0.22999999999999998,
        0.2699999999999999,
        0.31999999999999995,
        0.38,
        0.39999999999999997,
        0.43,
        0.45999999999999996,
        0.5,
        0.5599999999999999,
        0.6799999999999999,
        0.73
      ],
      "recall_std": [
        0.09165151389911681,
        0.09165151389911681,
        0.09433981132056604,
        0.09,
        0.1019803902718557,
        0.06403124237432847,
        0.06403124237432849,
        0.060000000000000005,
        0.09797958971132713,
        0.1,
        0.09,
        0.09165151389911681,
        0.11832159566199232,
        0.09165151389911681,
        0.060000000000000005,
        0.06403124237432853
      ]
    },
    "uncertainty": {
      "n_queried": [
        12,
        16,
        20,
        24,
        28,
        32,
        36,
        40,
        44,
        48,
        52,
        56,
        60,
        64,
        68,
        72
      ],
      "best_mean": [
        0.0827523860410059,
        0.0844687051454585,
        0.0860968540184512,
        0.08784938149483121,
        0.08796371545221522,
        0.09044065027784107,
        0.09073573990747956,
        0.0916254733108401,
        0.09314701018212138,
        0.09433539495100121,
        0.09468916326634122,
        0.09481674443459624,
        0.09481674443459624,
        0.09497459735588479,
        0.09513245027717332,
        0.09513245027717332
      ],
      "best_std": [
        0.005230025590539985,
        0.004965476618546575,
        0.0037325972662948918,
        0.004686257086531904,
        0.004562050288470232,
        0.0044131579962016975,
        0.004017056103650869,
        0.003905465283663947,
        0.002757599082663203,
        0.0016724209695676486,
        0.0009313421865009611,
        0.0006314116851541485,
        0.0006314116851541485,
        0.0004735587638656112,
        0.0,
        0.0
      ],
      "recall_mean": [
        0.06999999999999999,
        0.11000000000000001,
        0.16000000000000003,
        0.2,
        0.22000000000000003,
        0.30999999999999994,
        0.31999999999999995,
        0.38,
        0.45999999999999996,
        0.54,
        0.62,
        0.71,
        0.76,
        0.8600000000000001,
        0.93,
        0.9600000000000002
      ],
      "recall_std": [
        0.11874342087037916,
        0.15132745950421556,
        0.12806248474865697,
        0.1264911064067352,
        0.116619037896906,
        0.1044030650891055,
        0.09797958971132713,
        0.11661903789690602,
        0.11999999999999998,
        0.11135528725660042,
        0.116619037896906,
        0.07000000000000003,
        0.08000000000000003,
        0.10198039027185571,
        0.07810249675906654,
        0.06633249580710798
      ]
    },
    "ucb": {
      "n_queried": [
        12,
        16,
        20,
        24,
        28,
        32,
        36,
        40,
        44,
        48,
        52,
        56,
        60,
        64,
        68,
        72
      ],
      "best_mean": [
        0.08396119988847399,
        0.08578206159065047,
        0.0878863454394466,
        0.08816011893797349,
        0.0897367428241802,
        0.09095123995587731,
        0.09186063817863435,
        0.09297655872907988,
        0.09326199281862343,
        0.09326199281862343,
        0.09326199281862343,
        0.09326199281862343,
        0.09383286099771056,
        0.09411829508725411,
        0.09411829508725411,
        0.09427614800854264
      ],
      "best_std": [
        0.0026629982986527377,
        0.004725968642261032,
        0.004404130586422944,
        0.004487241130275955,
        0.0044542913961113165,
        0.0034132605238662074,
        0.002228586187722924,
        0.001142099139130089,
        0.0012802036993236415,
        0.0012802036993236415,
        0.0012802036993236415,
        0.0012802036993236415,
        0.0013487579216601747,
        0.0012902880618528426,
        0.0012902880618528426,
        0.0013080233212541532
      ],
      "recall_mean": [
        0.08,
        0.12,
        0.19,
        0.22000000000000003,
        0.26,
        0.31999999999999995,
        0.35,
        0.42000000000000004,
        0.48,
        0.51,
        0.5399999999999999,
        0.61,
        0.6599999999999999,
        0.6900000000000001,
        0.71,
        0.78
      ],