{
  "n_test": 56,
  "r2": 0.6869964907227606,
  "rmse": 0.6386655534755522,
  "mae": 0.5024005398117856,
  "y_true": [
    -2.08922,
    -1.15069,
    -1.27464,
    -0.91356,
    -0.18437,
    0.14827,
    0.25695,
    0.52909,
    0.69935,
    0.83071,
    0.92039,
    0.91501,
    0.94173,
    0.96492,
    -1.28827,
    -0.52968,
    -0.58114,
    -0.22291,
    0.5778,
    0.90355,
    1.01671,
    1.40262,
    1.51318,
    1.69059,
    1.83049,
    1.7875,
    1.83722,
    1.85607,
    -1.26169,
    -0.47718,
    -0.53164,
    -0.15862,
    0.58181,
    0.95052,
    1.05299,
    1.40845,
    1.50437,
    1.65939,
    1.77057,
    1.71462,
    1.7623,
    1.763,
    -0.74573,
    -0.55476,
    -0.36221,
    -0.06274,
    0.79296,
    1.17524,
    1.36205,
    1.88619,
    2.05101,
    2.23849,
    2.40056,
    2.47109,
    2.45395,
    2.58494
  ],
  "y_pred": [
    -2.127358218828333,
    -0.6199015832066653,
    -0.5248081295583347,
    -0.1928035761383337,
    0.557261953134998,
    0.7391810108016684,
    0.8362193175083352,
    1.0894669165850037,
    1.1833128151799974,
    1.384797408579997,
    1.4250934676016709,
    1.440919932983329,
    1.3810414290633353,
    1.4836886797250033,
    -1.7673790568016647,
    -0.4403445023333317,
    -0.3486182969966658,
    -0.10225400931166657,
    0.6328119032966636,
    0.8220404508516687,
    0.9123839985183344,
    1.1330963671750023,
    1.2296203536966657,
    1.4104360509099974,
    1.4309312521366713,
    1.4624237549966628,
    1.3971816085566662,
    1.4676804155116694,
    -1.8444933213683317,
    -0.42917361711333163,
    -0.3574386144683325,
    -0.06365995334999994,
    0.6912777443633314,
    0.8445414972233345,
    0.939167134085001,
    1.1650583207183358,
    1.2480125655966647,
    1.3857612690133294,
    1.4012089768166687,
    1.417871831449997,
    1.3786392924400017,
    1.4640892571516684,
    0.2135284504550007,
    0.4002920913616684,
    0.45562368992166646,
    0.5226435815433328,
    0.7574558061433327,
    0.7669430829516676,
    0.7811626442033343,
    0.875966553545001,
    0.9210269372449998,
    1.037148254773333,
    1.009167134233334,
    0.9790968651783328,
    0.9100113083916661,
    1.0001154936533336
  ]
}