{
  "meta": {
    "n_rows": 1202,
    "n_ligands": 93,
    "n_sources": 45,
    "n_families": 20
  },
  "results": {
    "random": {
      "r2": {
        "mean": 0.8837449155340307,
        "sd": 0.026746436795201833,
        "n": 20
      },
      "rmse": {
        "mean": 0.46276108460800547,
        "sd": 0.06171249297825397,
        "n": 20
      },
      "mae": {
        "mean": 0.2780185939365425,
        "sd": 0.02336470994730335,
        "n": 20
      }
    },
    "ligand": {
      "r2": {
        "mean": 0.20088902107634987,
        "sd": 0.3072447766197746,
        "n": 20
      },
      "rmse": {
        "mean": 1.1400312661771168,
        "sd": 0.20739107230823411,
        "n": 20
      },
      "mae": {
        "mean": 0.8689930500313949,
        "sd": 0.16985489088695652,
        "n": 20
      }
    },
    "source": {
      "r2": {
        "mean": -0.03416180833194811,
        "sd": 0.8039082319574041,
        "n": 20
      },
      "rmse": {
        "mean": 1.2241901083698967,
        "sd": 0.1790379216979794,
        "n": 20
      },
      "mae": {
        "mean": 0.9820066339324509,
        "sd": 0.17073007161667358,
        "n": 20
      }
    },
    "family": {
      "r2": {
        "mean": -0.24217980670252204,
        "sd": 0.49694113612397606,
        "n": 20
      },
      "rmse": {
        "mean": 1.3121255902071496,
        "sd": 0.31586976077438905,
        "n": 20
      },
      "mae": {
        "mean": 1.0401764249309102,
        "sd": 0.27635276849202806,
        "n": 20
      }
    },
    "prospective_new_ligands": {
      "r2": 0.6965685865837308,
      "rmse": 0.6288240736896908,
      "mae": 0.48803560102899424
    }
  }
}