{
  "unit": "ligand",
  "n_ligands": 93,
  "results": {
    "random": {
      "n_lig": [
        10,
        14,
        18,
        22,
        26,
        30,
        34,
        38,
        42,
        46,
        50,
        54,
        58,
        62,
        66
      ],
      "n_meas": [
        93,
        115,
        168,
        221,
        272,
        303,
        363,
        507,
        555,
        614,
        651,
        671,
        708,
        741,
        773
      ],
      "r2_mean": [
        -0.06467296813154516,
        -0.020161119180083287,
        -0.02427507659881219,
        0.02063469220600896,
        0.009633918923062423,
        0.22426897588949354,
        0.1655256818981611,
        0.19696935554136955,
        0.23748705815726004,
        0.31625389761888484,
        0.3169447086456976,
        0.3343028082662361,
        0.2696542292572446,
        0.29960350347985815,
        0.2973439248324555
      ],
      "r2_std": [
        0.1989129952012076,
        0.127922442392521,
        0.23927010615093053,
        0.2378181496778555,
        0.23426373002272946,
        0.15580970521247425,
        0.1849398335343281,
        0.21457192858272411,
        0.19451684748432663,
        0.1819950670437933,
        0.27374942499925425,
        0.2223839144968814,
        0.27533838346418527,
        0.25265930045223683,
        0.25109635847154327
      ],
      "recall_mean": [
        0.18333333333333332,
        0.21666666666666667,
        0.2833333333333333,
        0.31666666666666665,
        0.3833333333333333,
        0.39999999999999997,
        0.43333333333333335,
        0.5166666666666667,
        0.6,
        0.65,
        0.6833333333333332,
        0.6999999999999998,
        0.7333333333333333,
        0.7999999999999999,
        0.8333333333333334
      ],
      "recall_std": [
        0.08975274678557507,
        0.12133516482134199,
        0.15723301886761004,
        0.18633899812498245,
        0.15723301886761004,
        0.15275252316519464,
        0.1247219128924647,
        0.15723301886761004,
        0.1414213562373095,
        0.12583057392117916,
        0.0687184270936277,
        0.08164965809277264,
        0.07453559924999302,
        0.057735026918962595,
        0.09428090415820635
      ]
    },
    "greedy": {
      "n_lig": [
        10,
        14,
        18,
        22,
        26,
        30,
        34,
        38,
        42,
        46,
        50,
        54,
        58,
        62,
        66
      ],
      "n_meas": [
        88,
        165,
        198,
        355,
        402,
        455,
        469,
        503,
        567,
        625,
        681,
        728,
        775,
        798,
        804
      ],
      "r2_mean": [
        -0.06467296813154516,
        -0.10316688968873657,
        -0.005364450948903772,
        0.09082250436009404,
        0.23119935712565806,
        0.18240361946175174,
        0.10351537930929926,
        0.19116718726245194,
        0.20393528449957196,
        0.2432859395099979,
        0.2417869404931797,
        0.32222731452223585,
        0.2373565650799252,
        0.26017105895837234,
        0.2873815172450345
      ],
      "r2_std": [
        0.1989129952012076,
        0.25748508755734795,
        0.21368568933715953,
        0.21509887986996784,
        0.15064042981952586,
        0.12174007532093722,
        0.19995451728186847,
        0.093623381339901,
        0.1336240244547649,
        0.08589586051000123,
        0.1807336202555546,
        0.14784039383952222,
        0.2607272588807336,
        0.21444169546811595,
        0.1659762431819953
      ],
      "recall_mean": [
        0.20000000000000004,
        0.3,
        0.38333333333333336,
        0.48333333333333334,
        0.5833333333333334,
        0.65,
        0.6666666666666666,
        0.7000000000000001,
        0.75,
        0.7999999999999999,
        0.8666666666666668,
        0.9,
        0.9166666666666666,
        0.9666666666666667,
        1.0
      ],
      "recall_std": [
        0.09999999999999999,
        0.11547005383792516,
        0.10671873729054748,
        0.10671873729054747,
        0.10671873729054747,
        0.09574271077563382,
        0.09428090415820634,
        0.11547005383792518,
        0.050000000000000044,
        0.057735026918962595,
        0.04714045207910316,
        0.0,
        0.03726779962499649,
        0.04714045207910316,
        0.0
      ]
    },
    "uncertainty": {
      "n_lig": [
        10,
        14,
        18,
        22,
        26,
        30,
        34,
        38,
        42,
        46,
        50,
        54,
        58,
        62,
        66
      ],
      "n_meas": [
        50,
        62,
        79,
        143,
        166,
        210,
        274,
        329,
        373,
        422,
        473,
        502,
        550,
        590,
        739
      ],
      "r2_mean": [
        -0.06467296813154516,
        0.01577869010317079,
        -0.003278396596652818,
        0.05438566346967921,
        0.09871859802530981,
        0.1955238635790234,
        0.21971358668082452,
        0.22327482091982165,
        0.18716414833325268,
        0.06885076186091915,
        0.09908814383542879,
        0.14518384233442252,
        0.11685461064739029,
        0.13727361053406253,
        0.16651333145127317
      ],
      "r2_std": [
        0.1989129952012076,
        0.13758996392428025,
        0.4203255663729612,
        0.1288338955329461,
        0.1378620338928321,
        0.17174098620750017,
        0.16020340205607525,
        0.20853113073265978,
        0.32353529402934483,
        0.4443603213825339,
        0.442275627113989,
        0.37444444535390087,
        0.228386395346995,
        0.17051771847893965,
        0.231636360142885
      ],
      "recall_mean": [
        0.11666666666666665,
        0.16666666666666666,
        0.24999999999999997,
        0.3166666666666667,
        0.36666666666666664,
        0.36666666666666664,
        0.43333333333333335,
        0.48333333333333334,
        0.5,
        0.5499999999999999,
        0.5666666666666665,
        0.6,
        0.6833333333333335,
        0.75,
        0.8333333333333334
      ],
      "recall_std": [
        0.10671873729054748,
        0.13743685418725538,
        0.13844373104863458,
        0.15723301886761007,
        0.13743685418725535,
        0.13743685418725535,
        0.14907119849998596,
        0.1771690968789108,
        0.1632993161855452,
        0.12583057392117913,
        0.12472191289246469,
        0.08164965809277258,
        0.1067187372905475,
        0.12583057392117916,
        0.1247219128924647
      ]
    },
    "ucb": {
      "n_lig": [
        10,
        14,
        18,
        22,
        26,
        30,
        34,
        38,
        42,
        46,
        50,
        54,
        58,
        62,
        66
      ],
      "n_meas": [
        177,
        233,
        276,
        314,
        373,
        410,
        447,
        507,
        556,
        599,
        658,
        708,
        759,
        803,
        821
      ],
      "r2_mean": [
        -0.06467296813154516,
        -0.10703153056426369,
        0.02793234379027737,
        0.05751363783955865,
        0.11506129894015461,
        0.025405440800035928,
        0.0783305622358114,
        0.25872638949700316,
        0.2578599298335085,
        0.19570069331756604,
        0.24449228220748273,
        0.11188017645217445,
        0.2338217077045616,
        0.3038965751697746,
        0.2537508611302118
      ],