{
  "nominal": 0.8,
  "raw_coverage": {
    "mean": 0.7203770098616002,
    "sd": 0.08183599451703064
  },
  "raw_mce": {
    "mean": 0.063483055218507,
    "sd": 0.042857697231176835
  },
  "conformal_coverage": {
    "mean": 0.8967338040166093,
    "sd": 0.06957610074638962
  },
  "conformal_mce": {
    "mean": 0.13024774240381376,
    "sd": 0.07473674622021716
  },
  "mondrian_coverage": {
    "mean": 0.8663365069036129,
    "sd": 0.10864046590544747
  },
  "rank_corr": {
    "mean": 0.8464615399722679,
    "sd": 0.13028645811192985
  },
  "conformal_by_logd": {
    "high": {
      "mean": 0.871496599201294,
      "n_seeds": 8
    },
    "low": {
      "mean": 0.8660887668750197,
      "n_seeds": 8
    },
    "mid": {
      "mean": 0.9226268428186819,
      "n_seeds": 8
    }
  },
  "conformal_by_lanthanide": {
    "heavy": {
      "mean": 0.8954446642126539,
      "n_seeds": 8
    },
    "light": {
      "mean": 0.9082086252136404,
      "n_seeds": 8
    },
    "mid": {
      "mean": 0.8867500480403706,
      "n_seeds": 8
    }
  },
  "mondrian_by_logd": {
    "high": {
      "mean": 0.8844824322277753
    },
    "low": {
      "mean": 0.9594403416220536
    },
    "mid": {
      "mean": 0.8154347772016644
    }
  },
  "prospective": {
    "coverage": 0.875,
    "by_logd": {
      "high": {
        "coverage": 0.72,
        "n": 25
      },
      "low": {
        "coverage": 1.0,
        "n": 5
      },
      "mid": {
        "coverage": 1.0,
        "n": 26
      }
    },
    "n": 56
  }
}