{
  "split": "ligand-disjoint 55/20/25",
  "seeds": 3,
  "results": {
    "RF": {
      "r2": {
        "mean": 0.14877013071025832,
        "sd": 0.11294793615641073
      },
      "rmse": {
        "mean": 1.1444640216446296,
        "sd": 0.06437840822382784
      },
      "mce_raw": {
        "mean": 0.07919417405835061,
        "sd": 0.038790604822942276
      },
      "conformal_cov80": {
        "mean": 0.9073627388143516,
        "sd": 0.08863556509659026
      },
      "spearman_err_sigma": {
        "mean": 0.21531989176188845,
        "sd": 0.0832168225889016
      },
      "selective_rmse_auc": {
        "mean": 0.7804717821570835,
        "sd": 0.0790476484287376
      },
      "enrichment": {
        "mean": 7.45,
        "sd": 5.734544445725398
      }
    },
    "QRF": {
      "r2": {
        "mean": 0.13752550672942776,
        "sd": 0.11457070186663783
      },
      "rmse": {
        "mean": 1.1524738700598738,
        "sd": 0.07265409360305254
      },
      "mce_raw": {
        "mean": 0.06457689326959275,
        "sd": 0.03892354431123931
      },
      "conformal_cov80": {
        "mean": 0.9145098628969596,
        "sd": 0.08115693491854117
      },
      "spearman_err_sigma": {
        "mean": 0.22131445269631367,
        "sd": 0.13061231212969954
      },
      "selective_rmse_auc": {
        "mean": 0.7779580162344862,
        "sd": 0.1151411532130495
      },
      "enrichment": {
        "mean": 7.45,
        "sd": 5.734544445725398
      }
    },
    "GP": {
      "r2": {
        "mean": -0.033009639749725705,
        "sd": 0.24798563866896417
      },
      "rmse": {
        "mean": 1.2513103116351372,
        "sd": 0.1372745978159535
      },
      "mce_raw": {
        "mean": 0.2986042395634925,
        "sd": 0.0556020792992967
      },
      "conformal_cov80": {
        "mean": 0.9514859095504257,
        "sd": 0.03963362658496524
      },
      "spearman_err_sigma": {
        "mean": 0.23368896598353825,
        "sd": 0.17625120421840432
      },
      "selective_rmse_auc": {
        "mean": 0.9263767697770224,
        "sd": 0.2220231129247888
      },
      "enrichment": {
        "mean": 3.7200000000000006,
        "sd": 5.260874452027915
      }
    },
    "GBM": {
      "r2": {
        "mean": 0.22232281391368966,
        "sd": 0.028890510389825635
      },
      "rmse": {
        "mean": 1.0982637787304046,
        "sd": 0.05234247668757106
      },
      "mce_raw": {
        "mean": 0.289147958248128,
        "sd": 0.022093835740664338
      },
      "conformal_cov80": {
        "mean": 0.9121697000729259,
        "sd": 0.05662038684227742
      },
      "spearman_err_sigma": {
        "mean": 0.27659137872128586,
        "sd": 0.10873426420139312
      },
      "selective_rmse_auc": {
        "mean": 0.7740238356056327,
        "sd": 0.10005284895734769
      },
      "enrichment": {
        "mean": 7.45,
        "sd": 5.734544445725398
      }
    },
    "BNN": {
      "r2": {
        "mean": 0.1211739167997717,
        "sd": 0.14721717810079685
      },
      "rmse": {
        "mean": 1.1680379985938143,
        "sd": 0.14693421205757795
      },
      "mce_raw": {
        "mean": 0.40033602660937123,
        "sd": 0.027791966883835173
      },
      "conformal_cov80": {
        "mean": 0.9392825812180651,
        "sd": 0.03684725228051742
      },
      "spearman_err_sigma": {
        "mean": 0.06426569179158363,
        "sd": 0.08907131314956934
      },
      "selective_rmse_auc": {
        "mean": 0.9099008379254875,
        "sd": 0.12082921815597839
      },
      "enrichment": {
        "mean": 6.580000000000001,
        "sd": 4.770492637034461
      }
    }
  }
}